{
  "amp-core": "https://cdn.ampproject.org/v0.js",
  "amp-access": "https://cdn.ampproject.org/v0/amp-access-0.1.js",
  "amp-analytics": "https://cdn.ampproject.org/v0/amp-analytics-0.1.js",
  "amp-accordion" : "https://cdn.ampproject.org/v0/amp-accordion-0.1.js",
  "amp-ad" : "https://cdn.ampproject.org/v0/amp-ad-0.1.js",
  "amp-anim" : "https://cdn.ampproject.org/v0/amp-anim-0.1.js",
  "amp-animation" : "https://cdn.ampproject.org/v0/amp-animation-0.1.js",
  "amp-apester-media" : "https://cdn.ampproject.org/v0/amp-apester-media-0.1.js",
  "amp-app-banner" : "https://cdn.ampproject.org/v0/amp-app-banner-0.1.js",
  "amp-audio" : "https://cdn.ampproject.org/v0/amp-audio-0.1.js",
  "amp-bind" : "https://cdn.ampproject.org/v0/amp-bind-0.1.js",
  "amp-brid-player" : "https://cdn.ampproject.org/v0/amp-brid-player-0.1.js",
  "amp-brightcove" : "https://cdn.ampproject.org/v0/amp-brightcove-0.1.js",
  "amp-carousel" : "https://cdn.ampproject.org/v0/amp-carousel-0.1.js",
  "amp-dailymotion" : "https://cdn.ampproject.org/v0/amp-dailymotion-0.1.js",
  "amp-dynamic-css-classes" : "https://cdn.ampproject.org/v0/amp-dynamic-css-classes-0.1.js",
  "amp-experiment" : "https://cdn.ampproject.org/v0/amp-experiment-0.1.js",
  "amp-facebook" : "https://cdn.ampproject.org/v0/amp-facebook-0.1.js",
  "amp-fit-text" : "https://cdn.ampproject.org/v0/amp-fit-text-0.1.js",
  "amp-font" : "https://cdn.ampproject.org/v0/amp-font-0.1.js",
  "amp-form" : "https://cdn.ampproject.org/v0/amp-form-0.1.js",
  "amp-fx-flying-carpet" : "https://cdn.ampproject.org/v0/amp-fx-flying-carpet-0.1.js",
  "amp-gfycat" : "https://cdn.ampproject.org/v0/amp-gfycat-0.1.js",
  "amp-google-vrview-image" : "https://cdn.ampproject.org/v0/amp-google-vrview-image-0.1.js",
  "amp-hulu" : "https://cdn.ampproject.org/v0/amp-hulu-0.1.js",
  "amp-iframe" : "https://cdn.ampproject.org/v0/amp-iframe-0.1.js",
  "amp-image-lightbox" : "https://cdn.ampproject.org/v0/amp-image-lightbox-0.1.js",
  "amp-instagram" : "https://cdn.ampproject.org/v0/amp-instagram-0.1.js",
  "amp-install-serviceworker" : "https://cdn.ampproject.org/v0/amp-install-serviceworker-0.1.js",
  "amp-jwplayer" : "https://cdn.ampproject.org/v0/amp-jwplayer-0.1.js",
  "amp-kaltura-player" : "https://cdn.ampproject.org/v0/amp-kaltura-player-0.1.js",
  "amp-lightbox" : "https://cdn.ampproject.org/v0/amp-lightbox-0.1.js",
  "amp-list" : "https://cdn.ampproject.org/v0/amp-list-0.1.js",
  "amp-live-list" : "https://cdn.ampproject.org/v0/amp-live-list-0.1.js",
  "amp-o2-player" : "https://cdn.ampproject.org/v0/amp-o2-player-0.1.js",
  "amp-ooyala-player" : "https://cdn.ampproject.org/v0/amp-ooyala-player-0.1.js",
  "amp-pinterest" : "https://cdn.ampproject.org/v0/amp-pinterest-0.1.js",
  "amp-reach-player" : "https://cdn.ampproject.org/v0/amp-reach-player-0.1.js",
  "amp-reddit" : "https://cdn.ampproject.org/v0/amp-reddit-0.1.js",
  "amp-script" : "https://cdn.ampproject.org/v0/amp-script-0.1.js",
  "amp-selector" : "https://cdn.ampproject.org/v0/amp-selector-0.1.js",
  "amp-sidebar" : "https://cdn.ampproject.org/v0/amp-sidebar-0.1.js",
  "amp-social-share" : "https://cdn.ampproject.org/v0/amp-social-share-0.1.js",
  "amp-soundcloud" : "https://cdn.ampproject.org/v0/amp-soundcloud-0.1.js",
  "amp-springboard-player" : "https://cdn.ampproject.org/v0/amp-springboard-player-0.1.js",
  "amp-sticky-ad" : "https://cdn.ampproject.org/v0/amp-sticky-ad-1.0.js",
  "amp-twitter" : "https://cdn.ampproject.org/v0/amp-twitter-0.1.js",
  "amp-user-notification" : "https://cdn.ampproject.org/v0/amp-user-notification-0.1.js",
  "amp-video" : "https://cdn.ampproject.org/v0/amp-video-0.1.js",
  "amp-vimeo" : "https://cdn.ampproject.org/v0/amp-vimeo-0.1.js",
  "amp-vine" : "https://cdn.ampproject.org/v0/amp-vine-0.1.js",
  "amp-viz-vega" : "https://cdn.ampproject.org/v0/amp-viz-vega-0.1.js",
  "amp-youtube" : "https://cdn.ampproject.org/v0/amp-youtube-0.1.js",
  "amp-autocomplete" : "https://cdn.ampproject.org/v0/amp-autocomplete-0.1.js"
}